OBJECTID_1,ID,GRIDCODE,pop15,crime2016,ucr1_4,ucr1_8,sqmile,nhblk15,pov_det,pov,per_pov,per_blk,BarrierCou
1,9416.0,9416.0,35.9131241641,0.0,0.0,0.0,0.1013381782,30.4351491582,19.8642290365,5.79300423885,0.29162995595,0.8474659297,1.0
2,9417.0,9417.0,44.5027806694,0.0,0.0,0.0,0.1255760975,37.7145866386,24.6153282547,7.17856709453,0.29162995595,0.84746584531,0.0
3,9604.0,9604.0,91.6131006958,31.0,7.0,18.0,0.2585100701,77.6389794035,50.6729394037,14.777747086,0.29162995595,0.84746590623,0.0
4,9605.0,9605.0,71.8924962771,0.0,0.0,0.0,0.20286326968,60.9264362394,39.7650978331,11.5966937293,0.29162995595,0.84746586076,0.0
5,9791.0,9791.0,24.4853476463,3.0,2.0,2.0,0.06909174656,20.7504985473,13.5433098627,3.94963485862,0.29162995595,0.84746595584,1.0
6,9792.0,9792.0,132.191644746,0.0,0.0,0.0,0.37301292912,112.027911251,73.1176994079,21.3233114573,0.29162995595,0.84746590049,0.0
7,9793.0,9793.0,18.7185702564,0.0,0.0,0.0,0.05281928409,15.8633493632,10.3535948978,3.01941842393,0.29162995595,0.84746586657,0.0
8,9978.0,9978.0,8.28065835012,6.0,0.0,4.0,0.02336601921,7.01757539288,4.58018865493,1.33572021567,0.29162995595,0.84746587725,0.0
9,9979.0,9979.0,113.154082487,30.0,3.0,12.0,0.31929351961,95.894225233,62.5876628174,18.2524373503,0.29162995595,0.84746589009,1.0
10,9980.0,9980.0,67.3476693275,0.0,0.0,0.0,0.19003886903,57.074850466,37.2512681305,10.8635856839,0.29162995595,0.84746585941,0.0
11,10168.0,10168.0,8.27965115728,6.0,1.0,2.0,0.02336317606,7.01672155233,4.57963137544,1.33555769627,0.29162995595,0.84746584355,0.0
12,10169.0,10169.0,94.4832725223,13.0,1.0,4.0,0.26660899447,80.0713505536,52.2604846914,15.2407228483,0.29162995595,0.8474658891,0.0
13,10170.0,10170.0,30.2827744803,0.0,0.0,0.0,0.08545067633,25.6636170365,16.7499743165,4.88479427205,0.29162995595,0.8474658441,0.0
14,10364.0,10364.0,7.38993023465,0.0,0.0,0.0,0.00107753214,6.8729673726,7.3638936135,1.86328823251,0.25303030303,0.93004496042,0.0
15,10365.0,10365.0,368.14093053,141.0,29.0,80.0,0.11198908978,340.588287685,357.183016505,90.843357656,0.25433280268,0.92515734992,0.0
16,10366.0,10366.0,117.244885321,30.0,1.0,9.0,0.33083678035,99.3610421198,64.8503638907,18.9123087646,0.29162995595,0.84746589881,0.0
17,10367.0,10367.0,55.1076351398,1.0,0.0,1.0,0.15550044142,46.7018385624,30.4810734723,8.88919411395,0.29162995595,0.84746584469,0.0
18,10561.0,10561.0,406.457735932,53.0,8.0,27.0,0.08797378224,385.418360933,384.090732936,98.558165665,0.25660125906,0.94823723812,0.0
19,10562.0,10562.0,2250.50940224,337.0,50.0,201.0,0.30885212819,2113.81299831,2123.33286055,578.287242226,0.27234884034,0.93925979434,1.0
20,10563.0,10563.0,1556.95687707,431.0,60.0,227.0,0.38610215859,1448.33774143,1490.39529969,390.445321337,0.26197433756,0.93023625944,0.0
21,10564.0,10564.0,136.830323247,4.0,2.0,4.0,0.38610215859,115.959032425,75.6834397944,22.0715582132,0.29162995595,0.84746589552,0.0
22,10565.0,10565.0,9.38303129722,0.0,0.0,0.0,0.026476645,7.95179830206,5.18993161176,1.5135395273,0.29162995595,0.8474658189,0.0
23,10756.0,10756.0,179.927391269,23.0,0.0,9.0,0.02359026146,174.885593863,177.964565586,52.419493583,0.29455017301,0.97197871113,1.0
24,10757.0,10757.0,2354.1633286,387.0,62.0,223.0,0.34503911688,2286.62025644,2328.49468661,674.265589599,0.28957145295,0.97130909681,0.0
25,10758.0,10758.0,1090.83780432,187.0,13.0,101.0,0.38610215859,1048.63209474,1076.58333206,239.177654789,0.22216362419,0.96130890458,0.0
26,10759.0,10759.0,589.979370167,294.0,45.0,161.0,0.38610215859,555.695324841,541.74657377,125.398142352,0.23147011615,0.94188941672,0.0
27,10760.0,10760.0,134.15091246,0.0,0.0,0.0,0.37854150282,113.688321501,74.2014059249,21.6393527411,0.29162995595,0.84746588313,0.0
28,10761.0,10761.0,3.61622727596,0.0,0.0,0.0,0.01020411473,3.06462751315,2.00020254596,0.58331898036,0.29162995595,0.84746540504,0.0
29,10950.0,10950.0,1381.99504513,282.0,53.0,137.0,0.22137234615,1338.52051733,1362.70541451,421.665143745,0.30943235365,0.96854219705,1.0
30,10951.0,10951.0,2246.42594249,341.0,65.0,195.0,0.38610215859,2192.56630163,2228.31722843,804.052899077,0.36083412578,0.97602429715,3.0
31,10952.0,10952.0,1216.28391513,79.0,15.0,42.0,0.38610215859,1178.9650724,1203.86898062,352.120117928,0.29249039854,0.96931732611,0.0
32,10953.0,10953.0,535.734946635,77.0,15.0,49.0,0.38610215859,506.467467035,498.562955306,107.784931455,0.21619121579,0.94536947835,0.0
33,10954.0,10954.0,136.830323247,78.0,8.0,23.0,0.38610215859,115.959032425,75.6834397944,22.0715582132,0.29162995595,0.84746589552,0.0
34,10955.0,10955.0,39.8806535987,0.0,0.0,0.0,0.1125335746,33.7974901356,22.0587414053,6.43298978428,0.29162995595,0.84746580324,0.0
35,11143.0,11143.0,209.054002686,37.0,5.0,19.0,0.07591187985,196.374308723,200.465478371,79.5288338304,0.39672084429,0.93934727965,1.0
36,11144.0,11144.0,1159.99917567,64.0,9.0,30.0,0.38128282551,1099.05656913,1119.85947418,452.294500243,0.40388505047,0.94746323289,1.0
37,11145.0,11145.0,2524.31220303,349.0,62.0,181.0,0.38610215859,2481.12272774,2503.84684665,1061.23966345,0.42384368073,0.9828905968,0.0
38,11146.0,11146.0,2141.2213864,278.0,59.0,129.0,0.38610215859,2081.2769522,2129.38566834,613.338028984,0.288035201,0.9720045603,0.0
39,11147.0,11147.0,179.940253716,21.0,3.0,10.0,0.38610215859,158.31876528,120.783365309,33.5715063913,0.2779480958,0.87984073608,0.0
40,11148.0,11148.0,136.830323247,22.0,1.0,19.0,0.38610215859,115.959032425,75.6834397946,22.0715582132,0.29162995595,0.84746589552,0.0
41,11149.0,11149.0,351.598752246,1.0,0.0,0.0,0.31797165472,334.134809992,316.370598074,84.561260381,0.26728545856,0.95032990833,0.0
42,11150.0,11150.0,40.0948095235,0.0,0.0,0.0,0.01514325991,39.2361693625,39.8957053524,10.5152436128,0.26356830942,0.9785847552,0.0
43,11336.0,11336.0,16.1369833152,0.0,0.0,0.0,0.00363487042,15.9778226469,16.0574022838,10.3984058842,0.64757709251,0.99013690073,0.0
44,11337.0,11337.0,1231.83380611,429.0,99.0,225.0,0.30202598649,1209.10960824,1222.7695185,692.42783301,0.56627829083,0.98155254568,1.0
45,11338.0,11338.0,1176.66676563,61.0,4.0,22.0,0.38610215859,1115.92520779,1142.5989779,418.315010715,0.36610833618,0.9483782838,0.0
46,11339.0,11339.0,1173.85173625,87.0,11.0,28.0,0.38610215859,1109.52850736,1133.12623801,425.618178886,0.37561408836,0.94520327662,0.0
47,11340.0,11340.0,1839.0044617,348.0,51.0,153.0,0.38610215859,1791.43888761,1815.6766286,610.843421718,0.33642742992,0.97413515025,0.0
48,11341.0,11341.0,894.127200847,198.0,28.0,101.0,0.38610215859,864.49097615,858.541878216,278.474007993,0.32435693011,0.96685457654,0.0
49,11342.0,11342.0,812.976142764,135.0,16.0,56.0,0.38610215859,791.325058256,794.645493145,209.945401485,0.26420007827,0.97336811824,0.0
50,11343.0,11343.0,909.626342303,26.0,2.0,15.0,0.38610215859,875.285008376,904.338762542,275.687506747,0.30484981753,0.96224676845,0.0
51,11344.0,11344.0,438.938762565,0.0,0.0,0.0,0.26501846902,394.8578871,434.972459419,201.772699173,0.46387465414,0.89957397427,0.0
52,11530.0,11530.0,720.535435585,238.0,60.0,126.0,0.15766562868,706.658374507,719.038149311,367.104233117,0.5105490348,0.98074062649,1.0
53,11531.0,11531.0,1652.96275327,369.0,79.0,183.0,0.38610215859,1605.87240303,1619.03809268,688.399315759,0.42519031447,0.97151154788,0.0
54,11532.0,11532.0,2147.25854971,380.0,61.0,231.0,0.38610215859,2086.63972467,2097.07176261,618.846733898,0.29510040855,0.97176920076,0.0
55,11533.0,11533.0,1849.20713517,498.0,94.0,265.0,0.38610215859,1800.03158082,1828.55082861,680.888306451,0.37236498751,0.97340722226,2.0
56,11534.0,11534.0,1715.36719841,393.0,75.0,225.0,0.38610215859,1643.66875358,1684.16134649,592.05437212,0.35154254867,0.95820227594,3.0
57,11535.0,11535.0,2291.51661538,403.0,79.0,219.0,0.38610215859,2249.39492119,2287.67463927,836.134874246,0.36549553852,0.98161842078,0.0
58,11536.0,11536.0,1014.41567387,327.0,43.0,127.0,0.38610215859,975.443300627,1009.47476811,346.423888472,0.34317240947,0.96158145596,0.0
59,11537.0,11537.0,557.271312396,334.0,49.0,118.0,0.38610215859,483.959565288,551.342076625,299.513430873,0.54324428258,0.86844514426,1.0
60,11538.0,11538.0,553.314516561,15.0,2.0,8.0,0.38610033589,479.31188214,547.396890312,299.420602202,0.54698995829,0.8662557511,0.0
61,11539.0,11539.0,113.014926582,0.0,0.0,0.0,0.08307046687,92.8748624544,111.993613004,59.8167833675,0.53410888142,0.82179288403,0.0
62,11723.0,11723.0,293.247111684,35.0,3.0,14.0,0.03424575624,241.047354051,291.992291971,100.635074414,0.34464976364,0.82199395815,0.0
63,11724.0,11724.0,2623.35976849,361.0,53.0,198.0,0.36063898366,2261.56252097,2614.00920172,917.938055517,0.35116098861,0.86208630175,4.0
64,11725.0,11725.0,2066.03158323,486.0,79.0,251.0,0.38610215859,1991.99573786,2005.39637903,801.154489836,0.39949932004,0.96416519187,1.0
65,11726.0,11726.0,2488.09282244,518.0,90.0,265.0,0.38610215859,2368.83605117,2234.17352928,744.159004587,0.33308021728,0.95206900233,5.0
66,11727.0,11727.0,2150.69405577,383.0,90.0,215.0,0.38610215859,2099.35641642,2115.07094705,910.627210862,0.43054215847,0.97612973393,5.0
67,11728.0,11728.0,2238.72715743,403.0,96.0,228.0,0.38610215859,2169.68235718,2223.70176875,698.436021063,0.31408709157,0.96915890352,0.0
68,11729.0,11729.0,2039.44561281,385.0,63.0,203.0,0.38610215859,1995.07046122,2039.44389864,620.407672103,0.3042043336,0.97824156167,1.0
69,11730.0,11730.0,1041.04041955,303.0,64.0,150.0,0.38610215859,1020.36080566,1040.69534804,381.136766891,0.3662327958,0.98013562825,1.0
70,11731.0,11731.0,787.284197871,299.0,53.0,137.0,0.38610215859,664.458384942,766.040093385,391.995104643,0.5117161726,0.84398796107,9.0
71,11732.0,11732.0,441.397593579,99.0,17.0,42.0,0.38610215859,289.129928784,440.153307955,213.99346044,0.48617937562,0.65503286151,2.0
72,11733.0,11733.0,217.278874565,4.0,0.0,1.0,0.20381945967,125.898040489,217.278868609,100.957858142,0.46464646465,0.57943065446,0.0
73,11917.0,11917.0,1772.09749585,265.0,38.0,151.0,0.23732694806,645.467825609,1762.91947692,440.560243005,0.24990378107,0.36423945473,1.0
74,11918.0,11918.0,2706.61862628,374.0,52.0,198.0,0.38610215859,2176.35433984,2686.28891218,721.342109458,0.26852737477,0.80408607209,11.0
75,11919.0,11919.0,2423.63721964,334.0,37.0,198.0,0.38610215859,2240.30840077,2395.68340081,797.968811922,0.33308608794,0.92435797842,7.0
76,11920.0,11920.0,2317.8981969,416.0,62.0,196.0,0.38610215859,2209.38056116,2279.4913304,953.460976123,0.41827795676,0.95318274293,2.0
77,11921.0,11921.0,1689.32410715,274.0,42.0,137.0,0.38610215859,1621.09452242,1653.11786033,791.559767872,0.47882839262,0.95961131175,5.0
78,11922.0,11922.0,1335.92294737,281.0,49.0,147.0,0.38610215859,1310.81400863,1309.53436876,471.857023595,0.36032427621,0.98120480018,1.0
79,11923.0,11923.0,1674.83085356,393.0,94.0,226.0,0.38610215859,1635.01900345,1670.72483496,593.13917269,0.35501906734,0.97622933084,3.0
80,11924.0,11924.0,1901.30280712,460.0,94.0,253.0,0.38610215859,1851.71125704,1887.51194849,630.970995313,0.33428715289,0.97391706892,5.0
81,11925.0,11925.0,1513.74495437,268.0,38.0,149.0,0.38610215859,1278.65641128,1427.16932069,756.88366259,0.53033907863,0.84469738947,7.0
82,11926.0,11926.0,593.693596263,221.0,34.0,111.0,0.38610215859,424.274746245,553.035542691,262.592997977,0.4748211963,0.71463588106,3.0
83,11927.0,11927.0,577.552616668,2.0,0.0,2.0,0.29685043898,449.748688147,519.254441617,249.338081109,0.4801847825,0.77871465762,0.0
84,12111.0,12111.0,2087.34795432,167.0,7.0,125.0,0.34132592918,410.596570606,2078.47985904,442.244639369,0.21277311755,0.19670729538,0.0
85,12112.0,12112.0,2394.43117722,321.0,40.0,210.0,0.38610215859,1106.62129225,2386.4892499,295.646119589,0.12388328152,0.46216458538,7.0
86,12113.0,12113.0,673.068272552,209.0,8.0,144.0,0.38610215859,227.028468194,660.90934101,94.3869846745,0.14281381548,0.33730377356,5.0
87,12114.0,12114.0,2439.857911,557.0,61.0,279.0,0.38610215859,879.64912366,2337.01663686,463.570623341,0.19836000139,0.36053293091,7.0
88,12115.0,12115.0,2924.20152013,222.0,17.0,148.0,0.38610215859,1440.1922951,2838.00917297,721.260857347,0.25414324387,0.49250788128,14.0
89,12116.0,12116.0,1865.14755501,237.0,36.0,130.0,0.38610215859,1460.98319358,1717.06193286,720.488234163,0.41960526896,0.78330703094,0.0
90,12117.0,12117.0,1492.20550479,386.0,76.0,219.0,0.38610215859,1398.05188534,1437.07039423,772.157344264,0.53731351461,0.93690304777,2.0
91,12118.0,12118.0,1465.19760513,231.0,36.0,106.0,0.38610215859,1398.11291816,1443.66522749,771.262686795,0.53423929046,0.95421458052,0.0
92,12119.0,12119.0,1111.5054935,166.0,24.0,104.0,0.38610215859,1032.29024374,1053.89345253,462.302857738,0.43866185583,0.92873157153,2.0
93,12120.0,12120.0,922.017820217,407.0,72.0,197.0,0.38610215859,759.246727018,808.051676461,391.23102716,0.48416585047,0.82346209625,2.0
94,12121.0,12121.0,850.893720826,46.0,3.0,23.0,0.35631838056,700.678719126,745.718873066,361.051612392,0.48416585047,0.82346208695,0.0
95,12304.0,12304.0,239.479341831,16.0,0.0,11.0,0.03085079652,31.2155096918,238.654260221,57.1367589293,0.23941227312,0.13034740054,0.0
96,12305.0,12305.0,920.481170533,81.0,4.0,51.0,0.3858509201,210.365038451,909.751960456,154.397556882,0.169713904,0.22853812244,0.0
97,12306.0,12306.0,637.746497223,106.0,3.0,54.0,0.38610215859,185.913464258,626.954306325,77.9915616314,0.12439752123,0.2915162452,0.0
98,12307.0,12307.0,637.746497223,33.0,3.0,25.0,0.38610215859,185.913464257,626.954306322,77.991561631,0.12439752123,0.2915162452,0.0
99,12308.0,12308.0,2833.3873487,512.0,40.0,270.0,0.38610215859,805.499359752,2705.06904023,606.216720805,0.22410397361,0.28428847193,2.0
100,12309.0,12309.0,4437.91527742,433.0,30.0,269.0,0.38610215859,1206.32185864,4234.63082887,1297.43773618,0.30638744878,0.27182174134,4.0
101,12310.0,12310.0,3397.95827399,374.0,32.0,245.0,0.38610215859,923.616479794,2218.32058879,1005.20123975,0.4531361449,0.27181513289,3.0
102,12311.0,12311.0,2520.70306962,340.0,24.0,178.0,0.38610215859,1459.7070209,1941.20572631,1082.46138861,0.55762322043,0.57908725486,0.0
103,12312.0,12312.0,2012.30869194,434.0,50.0,234.0,0.38610215859,1796.84618395,1959.24458186,1071.34281321,0.54681422786,0.89292770594,0.0
104,12313.0,12313.0,1549.65111816,368.0,44.0,166.0,0.38610215859,1252.66038893,1536.68990843,597.792446972,0.38901306223,0.80834994035,0.0
105,12314.0,12314.0,2040.16336875,699.0,144.0,322.0,0.38610215859,1913.51600408,1995.53438569,1216.75994022,0.60974140508,0.9379229298,10.0
106,12315.0,12315.0,1889.74803426,234.0,43.0,129.0,0.38608148569,1805.22324858,1844.67277671,1149.03534342,0.62289385843,0.95527192824,0.0
107,12316.0,12316.0,74.1267845581,0.0,0.0,0.0,0.01249682695,72.5661527336,73.6222789292,47.4704311639,0.64478350649,0.9789464519,0.0
108,12498.0,12498.0,919.078328016,62.0,3.0,24.0,0.12381636551,54.6988292134,905.75641812,119.469740928,0.13190051822,0.05951487218,0.0
109,12499.0,12499.0,2263.39830149,172.0,1.0,101.0,0.38610215859,164.338595897,2226.24101342,268.313964124,0.12052332273,0.07260701565,0.0
110,12500.0,12500.0,760.671462227,200.0,8.0,103.0,0.38610215859,125.488599877,755.136861974,91.6780877589,0.12140592305,0.16497082658,0.0
111,12501.0,12501.0,718.16136818,42.0,0.0,32.0,0.38610215859,138.221245403,711.819912685,86.8652527026,0.12203262532,0.19246544235,0.0
112,12502.0,12502.0,1110.23097263,263.0,21.0,137.0,0.38610215859,341.305992816,916.888321193,231.983130695,0.25301132682,0.30741890762,6.0
113,12503.0,12503.0,1283.47747761,327.0,41.0,189.0,0.38610215859,472.994206242,1010.19182009,312.319552696,0.30916856233,0.36852552109,4.0
114,12504.0,12504.0,1353.78515542,165.0,14.0,75.0,0.38610215859,488.518795495,1048.17702273,329.122070672,0.313994739,0.36085400519,0.0
115,12505.0,12505.0,1175.07245672,212.0,17.0,81.0,0.38610215859,441.231531007,523.148502277,279.719044816,0.53468382992,0.37549304171,0.0
116,12506.0,12506.0,1349.27322937,189.0,4.0,79.0,0.38610215859,815.043273025,1011.99194366,476.25810239,0.47061451959,0.60406095317,0.0
117,12507.0,12507.0,2135.58261656,1012.0,75.0,464.0,0.38610215859,874.979183909,2086.64356553,461.690448905,0.22125985316,0.40971450935,2.0
118,12508.0,12508.0,1952.97617799,2460.0,129.0,842.0,0.38610215859,772.41106377,1762.83726513,276.604477334,0.15690868511,0.39550460086,0.0
119,12509.0,12509.0,1593.22053532,1049.0,49.0,419.0,0.36694848352,848.77767656,1372.74545653,270.666734962,0.19717183086,0.53274336964,0.0
120,12510.0,12510.0,6.59292301535,0.0,0.0,0.0,0.00113044449,5.82739651195,6.38426832222,3.57665471357,0.56022938465,0.88388663092,0.0
121,12692.0,12692.0,640.77658971,66.0,0.0,38.0,0.19510339316,35.6190999134,638.940555148,64.0776591226,0.10028735632,0.05558739268,0.0
122,12693.0,12693.0,1596.91909293,196.0,3.0,122.0,0.38610215859,85.4870823942,1584.22589051,174.953331506,0.11043458673,0.05353250692,0.0
123,12694.0,12694.0,970.662401078,225.0,22.0,102.0,0.38610215859,52.2367318372,970.296609072,150.603940528,0.15521433252,0.05381555088,0.0
124,12695.0,12695.0,1126.87479798,81.0,5.0,49.0,0.38610215859,32.0758879117,1126.74392556,152.225995117,0.1351025656,0.0284644647,0.0
125,12696.0,12696.0,1028.35623166,196.0,2.0,62.0,0.38610215859,255.038230827,1028.01044158,171.501910263,0.1668289575,0.24800572309,3.0
126,12697.0,12697.0,1548.25814177,144.0,15.0,88.0,0.38610215859,757.769301372,1540.69156142,378.728955594,0.24581750499,0.4894334355,3.0
127,12698.0,12698.0,1783.89820442,269.0,26.0,124.0,0.38610215859,968.657725556,1735.15135233,516.899955683,0.29789905935,0.54300056088,4.0
128,12699.0,12699.0,1696.48171756,117.0,7.0,57.0,0.38610215859,965.16497358,1545.44337676,485.883424028,0.31439742881,0.56892152953,5.0
129,12700.0,12700.0,1679.89100997,260.0,29.0,156.0,0.38610215859,1022.10577126,1582.64333058,639.192016208,0.40387622647,0.6084357647,7.0
130,12701.0,12701.0,1682.54839711,506.0,82.0,215.0,0.38610215859,982.754244627,1634.13877438,681.468373208,0.41701989078,0.58408676167,2.0
131,12702.0,12702.0,1625.26692634,889.0,63.0,379.0,0.38610215859,914.655424822,1499.64866169,499.097197037,0.33280941716,0.56277243448,0.0
132,12703.0,12703.0,1156.40419924,87.0,6.0,29.0,0.2780159147,599.166287267,1007.80740863,215.40660937,0.21373787048,0.51812877164,0.0
133,12886.0,12886.0,1002.68682391,98.0,6.0,48.0,0.29250918421,52.1738100759,1000.0682987,100.420120335,0.10041326224,0.05203400387,0.0
134,12887.0,12887.0,1718.31676928,74.0,3.0,43.0,0.38610215859,67.0003965023,1717.26638306,200.243185672,0.11660577977,0.03899187723,0.0
135,12888.0,12888.0,1763.30473666,176.0,7.0,89.0,0.38610215859,131.632704607,1762.60548575,234.0440484,0.13278300237,0.07465113765,0.0
136,12889.0,12889.0,1617.53924706,119.0,1.0,61.0,0.38610215859,180.880025743,1615.45010643,223.206237483,0.13816968819,0.11182419596,0.0
137,12890.0,12890.0,1474.56034136,137.0,7.0,72.0,0.38610215859,248.052482569,1474.12374172,172.931271248,0.11731123131,0.16822131697,0.0
138,12891.0,12891.0,3928.59684111,270.0,22.0,193.0,0.38610215859,1676.24333958,3900.08499307,906.271655215,0.23237228338,0.42667736278,8.0
139,12892.0,12892.0,3154.97611765,259.0,21.0,154.0,0.38610215859,1184.26875932,3029.53543167,586.548682711,0.1936101082,0.37536536416,6.0
140,12893.0,12893.0,2994.84314383,290.0,25.0,182.0,0.38610215859,1588.92062156,2910.96605165,544.643542942,0.18710061652,0.53055220098,11.0
141,12894.0,12894.0,2572.43511322,433.0,36.0,230.0,0.38610215859,1074.3161485,2560.10131393,430.647467794,0.16821500987,0.41762614069,5.0
142,12895.0,12895.0,1471.60656926,557.0,43.0,235.0,0.38610215859,451.766672654,1465.97352456,296.977816494,0.20258061385,0.30698875779,6.0
143,12896.0,12896.0,1107.18289264,208.0,16.0,88.0,0.38610215859,475.136148438,1089.96428996,322.32915652,0.29572451088,0.42913971268,0.0
144,12897.0,12897.0,554.275831417,6.0,3.0,4.0,0.16207041246,308.073100914,541.426283666,213.856999523,0.39498821164,0.55581189627,0.0
145,13079.0,13079.0,109.860875839,4.0,0.0,2.0,0.03111960164,6.63729176631,109.54256123,10.1449986979,0.0926123927,0.06041542738,0.0
146,13080.0,13080.0,1757.98508071,46.0,2.0,17.0,0.38221068156,117.738482175,1753.34278314,131.473662217,0.07498457431,0.06697353889,0.0
147,13081.0,13081.0,2479.55661559,91.0,6.0,59.0,0.38610215859,170.844499205,2475.75375657,258.684995847,0.10448736881,0.06890122941,0.0
148,13082.0,13082.0,2555.18999053,185.0,9.0,120.0,0.38610215859,366.362462935,2549.67649569,340.737852079,0.13363964121,0.14337973469,0.0
149,13083.0,13083.0,2361.06584564,131.0,7.0,63.0,0.38610215859,431.186847532,2355.00059501,330.631416071,0.14039547029,0.18262381302,0.0
150,13084.0,13084.0,1849.27341824,279.0,16.0,164.0,0.38610215859,378.663329417,1848.50131625,240.883727695,0.13031298684,0.20476330092,0.0
151,13085.0,13085.0,2281.35378714,154.0,14.0,108.0,0.38610215859,451.012015158,2279.23667495,291.713975397,0.12798757523,0.19769490278,0.0
152,13086.0,13086.0,4203.69143676,464.0,54.0,249.0,0.38610215859,1250.75561336,4176.00147283,845.825625349,0.20254437908,0.29753744588,2.0
153,13087.0,13087.0,4177.00629694,549.0,87.0,295.0,0.38610215859,2131.02516548,4112.78715922,1178.21899049,0.28647701543,0.51018002224,1.0
154,13088.0,13088.0,2931.45199991,452.0,27.0,220.0,0.38610215859,908.607082122,2910.54263143,435.009016917,0.14945976473,0.3099512058,0.0
155,13089.0,13089.0,1058.0794832,348.0,26.0,193.0,0.38610215859,224.910258418,1055.17664098,122.43786311,0.11603541848,0.21256461541,0.0
156,13090.0,13090.0,784.943202724,22.0,2.0,11.0,0.36383256045,134.210487726,784.943207655,77.0142424896,0.09811441355,0.17098114521,0.0
157,13091.0,13091.0,49.5988113776,0.0,0.0,0.0,0.02298976502,8.48045983661,49.5988015491,4.8663573268,0.09811441355,0.17098111025,0.0
158,13273.0,13273.0,738.855446866,33.0,6.0,18.0,0.1195349745,67.8730743004,737.128476088,42.7588416533,0.05800731221,0.09186245373,0.0
159,13274.0,13274.0,2440.043752,78.0,3.0,30.0,0.38610215859,231.903812239,2435.45956458,152.333923779,0.06254832804,0.09504084181,1.0
160,13275.0,13275.0,2563.51174506,323.0,11.0,159.0,0.38610215859,145.059224807,2554.93422182,202.967624638,0.07944142863,0.05658613622,0.0
161,13276.0,13276.0,3853.41775437,189.0,9.0,109.0,0.38610215859,587.844029716,3836.72135061,578.524966813,0.15078628703,0.15255133681,0.0
162,13277.0,13277.0,3719.47372819,534.0,60.0,313.0,0.38610215859,663.214940293,3693.41444824,656.278802241,0.177688914,0.17830881161,0.0
163,13278.0,13278.0,2590.47691798,239.0,26.0,116.0,0.38610215859,1013.76216348,2552.25386841,807.917159473,0.31655046916,0.39134190173,1.0
164,13279.0,13279.0,4072.99242431,487.0,35.0,293.0,0.38610215859,1088.6106765,4012.58559445,947.192134756,0.23605530959,0.26727539929,0.0
165,13280.0,13280.0,4918.01244967,1066.0,152.0,480.0,0.38610215859,2105.63875571,4900.96712606,1515.23671667,0.3091709611,0.42814831749,1.0
166,13281.0,13281.0,4473.93518077,901.0,171.0,538.0,0.38610215859,2503.46723405,4429.49397009,1783.69888596,0.40268683014,0.55956716691,1.0
167,13282.0,13282.0,2013.18905936,272.0,21.0,141.0,0.38610215859,541.049166696,2012.76983908,434.375938049,0.21581003929,0.26875228841,1.0
168,13283.0,13283.0,744.929073587,17.0,0.0,7.0,0.38610215859,339.965944088,743.880244319,336.96881458,0.45298798718,0.45637357453,0.0
169,13284.0,13284.0,349.904761614,7.0,0.0,3.0,0.16218593826,59.8271186601,349.904774369,34.3307017358,0.09811441355,0.17098115037,0.0
170,13467.0,13467.0,182.694627974,72.0,3.0,49.0,0.0267329509,19.5591283166,182.693284908,14.9593325916,0.08188222462,0.10705913213,0.0
171,13468.0,13468.0,2504.11753377,68.0,2.0,39.0,0.37535861334,190.204569023,2502.60357492,184.10930054,0.07356710523,0.07595672586,1.0
172,13469.0,13469.0,2520.72827544,71.0,0.0,39.0,0.38610215859,76.1608597271,2512.25072,178.097031435,0.07089142418,0.03021383164,0.0
173,13470.0,13470.0,3686.64411101,164.0,8.0,103.0,0.38610215859,107.969647154,3673.82848215,168.117196798,0.04576076363,0.02928670192,0.0
174,13471.0,13471.0,3769.21468893,256.0,28.0,144.0,0.38610215859,260.142614459,3658.311634,564.690240765,0.15435815678,0.06901772277,0.0
175,13472.0,13472.0,3170.636901,413.0,59.0,214.0,0.38610215859,774.273573407,3092.08311313,787.553139555,0.25469986114,0.24420127488,0.0
176,13473.0,13473.0,3590.87598006,509.0,72.0,287.0,0.38610215859,1192.77967503,3556.56912124,996.171704441,0.28009344694,0.33216955463,0.0
177,13474.0,13474.0,4301.71962103,1109.0,186.0,562.0,0.38610215859,2161.78952232,4245.90869333,1748.36887838,0.41177731427,0.50254077736,0.0
178,13475.0,13475.0,3966.54223661,743.0,113.0,384.0,0.38610215859,2216.65444357,3921.09998374,1766.28231766,0.45045582234,0.5588379781,1.0
179,13476.0,13476.0,789.8010065,213.0,33.0,106.0,0.38336777964,429.203295715,787.623701435,442.520735375,0.5618428376,0.54343219644,1.0
180,13477.0,13477.0,313.848680555,0.0,0.0,0.0,0.17053838374,184.215130615,313.204576944,192.838437576,0.61569482623,0.58695524955,0.0
181,13478.0,13478.0,0.00732392113,0.0,0.0,0.0,3.3947e-06,0.0012522439,0.00732387133,0.00071857734,0.09811441355,0.17097998157,0.0
182,13662.0,13662.0,1301.97249707,17.0,0.0,8.0,0.21707184522,35.0992969618,1298.67614453,80.580301898,0.06204803425,0.02695855484,0.0
183,13663.0,13663.0,2273.59700551,129.0,1.0,69.0,0.38610215859,74.8639232402,2267.34406723,145.541265822,0.06419019853,0.03292752544,0.0
184,13664.0,13664.0,2667.93887987,125.0,5.0,72.0,0.38610215859,77.5019662833,2658.25539947,255.166840376,0.09599034029,0.02904937848,0.0
185,13665.0,13665.0,3289.28621952,202.0,16.0,110.0,0.38610215859,237.698338983,3249.32050454,638.251148661,0.1964260367,0.07226441335,0.0
186,13666.0,13666.0,3023.97590616,238.0,14.0,134.0,0.38610215859,674.23185034,3018.06269163,706.988600948,0.23425245702,0.22296204443,0.0
187,13667.0,13667.0,3486.08171921,336.0,32.0,187.0,0.38610215859,1170.50871227,3486.08170237,919.191820848,0.26367477854,0.33576628621,0.0
188,13668.0,13668.0,3980.42768326,665.0,113.0,376.0,0.38610215859,1940.0733895,3926.75478586,1529.53272371,0.38951572154,0.48740325007,0.0
189,13669.0,13669.0,2107.27219392,303.0,42.0,151.0,0.37781322473,991.160742168,1988.92381119,828.898929245,0.41675750704,0.47035249885,1.0
190,13670.0,13670.0,617.972549326,1.0,0.0,0.0,0.1149172489,292.165108209,598.033610964,287.075056405,0.48003164227,0.47278007499,0.0
191,13856.0,13856.0,33.2099558775,0.0,0.0,0.0,0.00703296616,3.78086426881,33.0203380969,3.08158216267,0.09332376167,0.11384731382,0.0
192,13857.0,13857.0,1374.04873383,134.0,12.0,67.0,0.29302593339,151.643442088,1366.04959561,131.330967202,0.09613923801,0.11036249178,0.0
193,13858.0,13858.0,1724.67993254,123.0,5.0,54.0,0.38610215859,87.622096237,1711.95209156,226.325178387,0.132202986,0.05080484476,0.0
194,13859.0,13859.0,2341.96161666,108.0,9.0,65.0,0.38610215859,97.3434876422,2330.43249467,278.035969661,0.11930659665,0.04156493725,0.0
195,13860.0,13860.0,2060.89356346,131.0,5.0,93.0,0.38610215859,211.406779708,2060.88601492,140.079562377,0.06797055313,0.10258015429,0.0
196,13861.0,13861.0,3853.7686049,424.0,47.0,228.0,0.38610215859,1381.87622188,3853.76858814,1132.18959982,0.2937876455,0.35857789181,0.0
197,13862.0,13862.0,2974.01895433,440.0,56.0,240.0,0.38610215859,1453.13155439,2887.53085565,1130.27353454,0.39143253909,0.4886087065,0.0
198,13863.0,13863.0,718.175360096,25.0,6.0,11.0,0.15235043235,345.290924456,669.551170575,262.361441087,0.39184673647,0.48078915491,0.0
199,14051.0,14051.0,110.509235387,19.0,0.0,12.0,0.02808259573,1.59660079058,109.527184893,19.0447007646,0.17388103952,0.01444766842,0.0
200,14052.0,14052.0,1256.67834836,45.0,2.0,28.0,0.29022858251,29.6280209398,1248.98511201,188.271700472,0.15073974754,0.02357645533,0.0
201,14053.0,14053.0,2688.45119966,87.0,2.0,47.0,0.38610215859,90.7595639596,2682.20358355,331.054893988,0.12342646025,0.03375905204,0.0
202,14054.0,14054.0,2150.22968911,266.0,10.0,163.0,0.38610215859,301.560782285,2143.61106986,290.898339213,0.13570481292,0.1402458462,0.0
203,14055.0,14055.0,2074.06131859,316.0,26.0,192.0,0.38610215859,537.11138836,2072.93573694,458.657273595,0.2212597648,0.25896601202,0.0
204,14056.0,14056.0,1056.57822723,109.0,10.0,53.0,0.31624837983,422.469915637,1019.17807924,353.607101814,0.34695320574,0.39984726615,0.0
205,14057.0,14057.0,13.7374121781,0.0,0.0,0.0,0.0029141931,6.60480159981,12.8073237069,5.01850799744,0.39184673647,0.48078935932,0.0
206,14246.0,14246.0,21.7481217913,0.0,0.0,0.0,0.00405352079,1.20030233511,21.7481353166,2.01449342956,0.09262832883,0.05519108025,0.0
207,14247.0,14247.0,1003.30740136,37.0,4.0,22.0,0.18551384734,119.660741236,1000.74247462,136.806350844,0.13670485096,0.11926627978,0.0
208,14248.0,14248.0,2085.36898778,401.0,42.0,215.0,0.38610215859,721.523823356,2061.71101588,608.82457132,0.29530063458,0.34599336021,0.0
209,14249.0,14249.0,973.485596932,161.0,21.0,86.0,0.37423742231,306.411871426,972.726237315,294.05212459,0.30229689846,0.31475747807,0.0
210,14250.0,14250.0,163.708769262,0.0,0.0,0.0,0.06528146518,51.0760028595,163.708785395,49.5109999863,0.30243337196,0.31199307826,0.0
211,14441.0,14441.0,118.02413898,3.0,0.0,0.0,0.02118118902,41.8139244018,116.61578018,35.0222914713,0.30032206119,0.35428281675,0.0
212,14442.0,14442.0,1373.22330845,167.0,23.0,83.0,0.37357691646,461.993391615,1363.75421886,410.789432178,0.30121955005,0.33642990821,0.0
213,14443.0,14443.0,553.316523928,5.0,0.0,3.0,0.22064370277,172.630904742,553.316511763,167.341378413,0.30243337196,0.31199304065,0.0
214,14636.0,14636.0,181.672895842,0.0,0.0,0.0,0.07244494317,56.6806837862,181.67290662,54.9439497426,0.30243337196,0.31199306602,0.0
215,14637.0,14637.0,83.2225461926,0.0,0.0,0.0,0.03318630699,25.9648545808,83.222542259,25.1692740783,0.30243337196,0.31199303276,0.0
